"GEOID","NAME","unw_centroid_long","unw_centroid_lat","Estimated Population","Percent Non-Hispanic","Percent Non-Hispanic White ","Percent Non-Hispanic Black ","Percent Non-Hispanic American Indian/Alaska Native ","Percent Non-Hispanic Asian ","Percent Non-Hispanic Native Hawaiian/Other Pacific Islander ","Percent Non-Hispanic Other ","Percent Non-Hispanic Two or More Races","Percent Hispanic ","Estimate Educated","Median Income ","Population Below Poverty Level","Population Income to Poverty Level","Percent Below 100% FPL","Percent Between 100% and 199% FPL","Unemployment Rate, 16 and Over","Percent Below 200% FPL","Percent High School or Less","Percent Some College or Greater","Labor Force Participation Rate ","Percent Non-White","Redlining (HOLC Grade)","Asthma Prevalence","Smoking Prevalence","Obesity Prevalence","COPD Prevalence","Lack of Health Care Access Prevalence","ICE, Nonwhite by Income ","ICE, Rent Versus Owned ","Particulate Matter ","Housing Stress","Percent Population Within Half a Mile to Parks","Percent Population With Access to Healthy Foods"
"24003701101","Census Tract 7011.01; Anne Arundel County; Maryland",-76.5802414,38.94058993,4259,94.3648743836581,84.268607654379,4.86029584409486,0,0.516553181498004,0,0.352195351021367,4.36722235266495,5.63512561634186,3146,70548,4216,901,0,0,1.5,0,18.2136045772409,81.7863954227591,88.9692585895118,15.731392345621,NA,9.9,8.2,30.8,5.3,4.9,79.9405155320555,92.3992068737607,7.15994061060735,24.7678018575851,25,69.9349554324259
"24003701103","Census Tract 7011.03; Anne Arundel County; Maryland",-76.54416466,38.93549949,3475,84.1438848920863,78.1294964028777,3.19424460431655,0,1.52517985611511,0,0,1.29496402877698,15.8561151079137,2517,60234,3475,750,0,6.4,3.9,6.4,40.5244338498212,59.4755661501788,85.6410256410256,21.8705035971223,NA,11.1,15,36.8,6.9,10.6,62.5252525252525,82.8282828282828,7.23395915133023,NA,66,2.39744272775706
"24003701104","Census Tract 7011.04; Anne Arundel County; Maryland",-76.55560298,38.93548289,3383,96.1276973100798,85.2202187407626,6.20750812887969,0,1.47797812592374,0,0,3.22199231451375,3.87230268992019,2567,56654,3302,699,4.14878397711016,0,3.6,4.14878397711016,29.9181924425399,70.0818075574601,88.9677771709448,14.7797812592374,NA,10.3,10.5,32.7,5.7,6.3,68.983174835406,88.1492318946598,7.23395915133023,NA,66,2.39744272775706
"24003701201","Census Tract 7012.01; Anne Arundel County; Maryland",-76.50720872,38.88908991,3852,96.5472481827622,91.4330218068536,1.34994807892004,0,0.363447559709242,0,0,3.40083073727934,3.4527518172378,2664,73027,3852,721,0,0,6.7,0,21.6966966966967,78.3033033033033,80.0613496932515,8.56697819314642,NA,10.6,11.1,33.2,5.5,5.2,78.6897048236141,90.4967602591793,7.16813945452885,NA,68,50.7471679922873
"24003701202","Census Tract 7012.02; Anne Arundel County; Maryland",-76.52628938,38.91579258,4470,92.841163310962,86.8008948545861,1.94630872483221,0,0.738255033557047,0,0.335570469798658,3.02013422818792,7.15883668903803,3168,72377,4470,1145,5.50218340611354,3.58078602620087,4.1,9.08296943231441,34.1856060606061,65.8143939393939,77.9667282809612,13.1991051454139,NA,11.3,14.4,34,6.8,7.6,75.373599003736,89.1033623910336,7.16813945452885,NA,68,50.7471679922873
"24003701301","Census Tract 7013.01; Anne Arundel County; Maryland",-76.63405075,38.92702589,4229,92.8115393710097,84.440766138567,3.47599905414992,0.0709387562071412,1.04043509103807,0,2.97942776069993,0.8039725703476,7.18846062899031,2884,62138,4229,1072,11.1940298507463,1.11940298507463,4.8,12.3134328358209,26.1442441054092,73.8557558945908,74.968394437421,15.559233861433,NA,10.3,10.2,32.6,5.7,4.9,76.1713030746706,95.6076134699854,7.12406761653328,NA,31,NA
"24003701302","Census Tract 7013.02; Anne Arundel County; Maryland",-76.64505996,38.86650256,3985,98.6198243412798,82.0326223337516,12.4215809284818,0,0.426599749058971,1.40526976160602,0,2.33375156838143,1.3801756587202,2874,60444,3973,854,7.61124121779859,10.1873536299766,7.2,17.7985948477752,36.3604732080724,63.6395267919276,78.4771126760563,17.9673776662484,NA,10.6,11.4,33.7,6.1,6.2,73.0936819172113,89.4698620188816,7.12406761653328,NA,31,NA
"24003701400","Census Tract 7014; Anne Arundel County; Maryland",-76.5684704,38.87109776,3603,91.1462669997225,73.1057452123231,14.7377185678601,0,0.499583680266445,0.222037191229531,0.305301137940605,2.27588121010269,8.85373300027755,2820,57472,3585,615,0,5.20325203252033,1.6,5.20325203252033,35.9219858156028,64.0780141843972,81.9635962493105,26.8942547876769,NA,11,12.9,35.3,6.9,6.3,74.3827160493827,91.7438271604938,6.89620207862308,28.1665194779708,18.5,NA
"24003702100","Census Tract 7021; Anne Arundel County; Maryland",-76.59100398,39.05149419,6572,93.761412051126,78.0736457699331,7.59281801582471,0,2.58673158855752,0,1.4607425441266,4.04747413268411,6.23858794887401,5071,72481,6572,1181,0,0,2,0,25.4190494971406,74.5809505028594,85.4430379746835,21.9263542300669,NA,10.6,11.4,33.5,6.1,5.6,72.4663499604117,88.3610451306413,7.19324058003625,14.9362312862029,73.5,80.3843697659992
"24003702204","Census Tract 7022.04; Anne Arundel County; Maryland",-76.69087836,38.99574997,4796,90.4712260216847,79.1284403669725,4.10758965804837,0,1.8557130942452,0,0,5.37948290241868,9.52877397831526,3008,80573,4796,1607,0,10.3298070939639,2.9,10.3298070939639,12.9321808510638,87.0678191489362,86.7073170731707,20.8715596330275,NA,10.1,8.6,31.2,4.5,4.7,76.0664993726474,86.762860727729,8.13866398358417,19.4444444444444,97,93.355720796354
"24003702205","Census Tract 7022.05; Anne Arundel County; Maryland",-76.69234369,39.00844779,5659,97.4023679095247,50.980738646404,31.1539141191023,0,5.9197738116275,0,0,9.34794133239088,2.59763209047535,3930,76593,5632,1356,8.03834808259587,1.99115044247788,3.8,10.0294985250737,15.4961832061069,84.5038167938931,86.3566368955959,49.019261353596,NA,10.3,8.8,32.9,4.3,5.7,63.3250311332503,72.4782067247821,8.17737418117647,25.1685393258427,75,32.0368282600526
"24003702206","Census Tract 7022.06; Anne Arundel County; Maryland",-76.6696912,39.01138017,6892,82.8932095182821,57.2547881601857,13.0586186883343,0,6.45676146256529,0,1.94428322692977,4.17875798026698,17.1067904817179,4485,61724,6679,1882,0,26.0892667375133,2.2,26.0892667375133,18.1047937569677,81.8952062430323,89.0972743185797,42.7452118398143,NA,10.6,9.9,33.3,4.3,5.8,65.9744408945687,87.0607028753994,7.97085146750951,24.748490945674,50,75.8788449466415
"24003702208","Census Tract 7022.08; Anne Arundel County; Maryland",-76.6666938,39.0316686,8536,89.0815370196813,47.0477975632615,23.1958762886598,0,16.9165885660731,0,0,1.92127460168697,10.9184629803187,5561,64357,8536,2317,0,9.62451445835132,5.8,9.62451445835132,15.1051969070311,84.8948030929689,84.2066556352271,52.9522024367385,NA,10.7,9.9,33.3,3.8,5.9,63.7339799099411,79.8406650502251,8.02138533893607,15.600118835413,21,9.192760700948
"24003702209","Census Tract 7022.09; Anne Arundel County; Maryland",-76.68383914,39.0209464,3995,96.1201501877347,75.9699624530663,11.4392991239049,0,4.95619524405507,0,1.02628285356696,2.72841051314143,3.87984981226533,2619,79583,3995,1156,0.951557093425606,0,3.2,0.951557093425606,18.0603283696067,81.9396716303933,88.409475465313,24.0300375469337,NA,10.4,9.3,32.7,3.8,4.7,78.6039453717754,87.4051593323217,8.32656419249343,14.4444444444444,36,NA
"24003702300","Census Tract 7023; Anne Arundel County; Maryland",-76.64708595,38.96874627,5927,94.7190821663574,90.3829930825038,0,0,1.07980428547326,0,1.01231651763118,2.24396828074911,5.28091783364265,4042,83601,5924,1524,0,0,2.3,0,21.3755566551212,78.6244433448788,84.4009489916963,9.6170069174962,NA,10.2,10.2,32.3,5.4,5.3,79.2801556420234,96.6439688715953,7.56575419003664,23.7618056779123,51.6666666666667,87.7635587429266
"24003702402","Census Tract 7024.02; Anne Arundel County; Maryland",-76.56021214,38.97924142,7909,92.2872676697433,78.9859653559236,3.72992793020609,0,4.28625616386395,0,1.83335440637249,3.45176381337716,7.71273233025667,6379,83585,7782,1153,9.97398091934085,9.19340849956635,3.1,19.1673894189072,13.7795892773162,86.2204107226838,81.6985921994,21.0140346440764,NA,10.1,8.2,31.6,5.5,5.1,72.2416812609457,53.2649487115337,7.53383505856302,28.494623655914,40,46.9168457596297
"24003702500","Census Tract 7025; Anne Arundel County; Maryland",-76.53170618,38.95751512,7192,87.2358175750834,40.1835372636262,38.4593993325918,0,7.27196885428254,0,0,1.32091212458287,12.7641824249166,4504,63496,7192,1836,8.82352941176471,32.3529411764706,3.4,41.1764705882353,28.2637655417407,71.7362344582593,70.8768267223382,59.8164627363737,NA,11.8,14.5,40.7,6.2,12.2,60.8540925266904,61.6053776196125,7.54089753255379,28.8793103448276,53,9.05683010946169
"24003702601","Census Tract 7026.01; Anne Arundel County; Maryland",-76.50502809,38.9388502,5638,95.4239091876552,81.3586378148279,6.10145441645974,0.372472507981554,0,0,2.34125576445548,5.25008868393047,4.5760908123448,4126,71599,5638,1045,5.26315789473684,6.2200956937799,2,11.4832535885167,23.2428502181289,76.7571497818711,85.9090909090909,18.641362185172,NA,10.2,8.3,32.1,4.5,5.6,75.409069658719,87.4707807386629,7.27818394977213,21.0869565217391,81,45.7807781133416
"24003702602","Census Tract 7026.02; Anne Arundel County; Maryland",-76.47192924,38.93295546,6153,92.26393629124,81.4236957581667,8.51617097350886,0,0.422558101738989,0,0.357549163009914,1.54396229481554,7.73606370875996,4510,87728,6130,1387,1.29776496034607,0,1.8,1.29776496034607,7.89356984478936,92.1064301552106,80.8755760368664,18.5763042418333,NA,9.8,6.9,31.2,4.4,3.8,80.46875,91.4473684210526,7.48271623732833,29.9009900990099,66.5,36.9864866063353
"24003702702","Census Tract 7027.02; Anne Arundel County; Maryland",-76.54538638,39.01657874,3740,99.4117647058823,87.7005347593583,3.58288770053476,0,3.87700534759358,0,0,4.25133689839572,0.588235294117647,2908,81912,3713,593,7.75716694772344,0,5.1,7.75716694772344,7.90921595598349,92.0907840440165,81.4775725593667,12.2994652406417,NA,9.6,6.5,29.8,5.2,3.9,80.1441677588466,87.5491480996068,7.05483981398321,21.9672131147541,7,83.5882810474462
"24003702703","Census Tract 7027.03; Anne Arundel County; Maryland",-76.5145874,38.99929278,2576,97.3990683229814,75.6211180124224,16.8478260869565,0,2.67857142857143,0,0,2.25155279503106,2.60093167701863,2203,68026,2576,206,0,0,1.5,0,10.3495233772129,89.6504766227871,95.4799390553581,24.3788819875776,NA,9.9,8.1,30.7,4,4.6,65.1438848920863,75.9712230215827,7.60043820810987,NA,34,34.3717549325026
"24003702704","Census Tract 7027.04; Anne Arundel County; Maryland",-76.53757191,38.98963164,2715,86.7403314917127,66.7771639042357,10.0920810313076,0,4.78821362799263,0,2.46777163904236,2.61510128913444,13.2596685082873,2271,61478,2368,158,0,0,0,0,34.4341699691766,65.5658300308234,93.7569060773481,33.2228360957643,NA,10.8,12.7,33.7,4,8.7,61.2050739957717,17.8294573643411,7.60043820810986,NA,34,34.3717549325026
"24003706102","Census Tract 7061.02; Anne Arundel County; Maryland",-76.4943462,38.97657751,2701,97.9637171417993,72.7508330248056,17.1788226582747,0,3.88744909292855,0,0,4.14661236579045,2.03628285820067,1871,65822,2696,516,16.2790697674419,22.2868217054264,7.5,38.5658914728682,10.1015499732763,89.8984500267237,86.896046852123,27.2491669751944,NA,11.5,10.7,38.8,6.7,7.5,63.3730834752981,60.1362862010222,8.16980492241863,25.3424657534247,64,1.16657623440043
"24003706103","Census Tract 7061.03; Anne Arundel County; Maryland",-76.4895554,38.97944379,1689,93.3688573120189,73.060982830077,9.3546477205447,0.414446417998816,5.21018354055654,0,1.53937240970989,3.78922439313203,6.63114268798105,968,45455,1354,125,0,0,5.7,0,11.6735537190083,88.3264462809917,73.22206095791,26.939017169923,NA,10.8,7.5,29.7,3.8,5.7,63.3248730964467,36.8020304568528,8.2973376439192,NA,95,2.33315246880087
"24003706302","Census Tract 7063.02; Anne Arundel County; Maryland",-76.48368075,38.96684343,3689,97.9940363242071,91.3255624830577,4.96069395500136,0,0.94876660341556,0,0,0.759013282732448,2.0059636757929,3047,77813,3689,351,0,0,0.8,0,8.17197243190023,91.8280275680998,86.4443482026851,8.67443751694226,NA,9.8,6.6,30.8,4.4,4.9,75.2302968270215,59.6212896622313,8.06564730686013,30.0518134715026,93,71.3399503722084
"24003706303","Census Tract 7063.03; Anne Arundel County; Maryland",-76.48507866,38.95558306,2762,67.632150615496,37.2194062273715,24.4388124547429,0,0,0,0,5.97393193338161,32.367849384504,2022,59438,2762,116,0,0,8.6,0,29.4757665677547,70.5242334322453,84.5577211394303,62.7805937726285,NA,12,14.1,40.2,7.4,10.3,54.3478260869565,68.9019896831245,7.98649070956767,NA,88,19.4526400738559
"24003706304","Census Tract 7063.04; Anne Arundel County; Maryland",-76.47482347,38.9559672,2190,78.0365296803653,66.8493150684932,8.12785388127854,0.365296803652968,0.593607305936073,2.10045662100457,0,0,21.9634703196347,1776,58464,2176,163,3.68098159509202,14.7239263803681,0,18.4049079754601,21.6779279279279,78.3220720720721,85.6882406563355,33.1506849315069,NA,10.3,10.6,33.2,6.6,7.9,63.1805157593123,53.2234957020057,7.48271623732833,29.9009900990099,66.5,36.9864866063353
"24003706402","Census Tract 7064.02; Anne Arundel County; Maryland",-76.49500835,38.96655292,3426,95.6217162872154,68.5931115002919,14.0105078809107,0,0,0,0,13.0180969060128,4.37828371278459,2784,66000,3355,551,2.9038112522686,8.16696914700544,4,11.070780399274,23.4913793103448,76.5086206896552,90.1623216920807,31.4068884997081,NA,11.2,11.9,37.5,6.4,8.9,66.5794066317627,61.8964514252472,8.39791012071287,30.7228915662651,95,93.613707165109
"24003706403","Census Tract 7064.03; Anne Arundel County; Maryland",-76.50616689,38.96364991,4333,45.3957996768982,32.8871451650127,9.99307639049158,0,0.438495268866836,0,0,2.07708285252712,54.6042003231018,2759,40985,4187,908,22.5770925110132,9.36123348017621,0,31.9383259911894,38.9633925335266,61.0366074664734,91.4561664190193,67.1128548349873,NA,10.9,13.4,38.3,6,14.7,55.8561643835616,73.2876712328767,8.1670521254627,NA,98,26.466935734244
"24003706404","Census Tract 7064.04; Anne Arundel County; Maryland",-76.49725077,38.95583815,2662,48.1217129977461,25.6198347107438,21.7881292261458,0,0.563486100676183,0,0.150262960180316,0,51.8782870022539,1819,32500,2659,558,2.5089605734767,32.258064516129,10.3,34.7670250896057,53.4909290819131,46.5090709180869,90.1485965877821,74.3801652892562,NA,11.1,14,38.7,5.2,18.3,54.6522556390977,55.3571428571429,8.1670521254627,NA,98,26.466935734244
"24003706500","Census Tract 7065; Anne Arundel County; Maryland",-76.5162154,38.97498435,5543,86.8843586505502,72.0368031751759,13.6568645138012,0,0.324733898610861,0,0,0.865957062962295,13.1156413494498,3888,57546,5492,1107,3.7037037037037,38.3920505871725,5.8,42.0957542908762,17.1296296296296,82.8703703703704,76.4394646747588,27.9631968248241,NA,10.8,10.8,35.8,5.4,8.3,71.7578629900905,61.3959500215424,8.05361518214187,29.7914675391515,81.6666666666667,3.79666085942085
"24003706600","Census Tract 7066; Anne Arundel County; Maryland",-76.51044957,38.98737415,5221,91.9364106493009,71.6529400497989,12.4114154376556,0,5.80348592223712,0,0.497988891017047,1.57058034859222,8.0635893506991,3869,67481,5221,1145,6.81222707423581,11.17903930131,2.9,17.9912663755459,12.7164642026363,87.2835357973637,83.0671989354624,28.3470599502011,NA,10.5,9.7,33.8,4.8,6.4,69.4166303874619,65.4331737048324,8.16980492241863,25.3424657534247,64,1.16657623440043
"24003706700","Census Tract 7067; Anne Arundel County; Maryland",-76.4879929,38.985841,1708,80.5035128805621,58.3723653395785,12.0608899297424,0,4.27400468384075,1.22950819672131,0,4.56674473067916,19.4964871194379,584,29914,523,201,0,28.8557213930348,4.9,28.8557213930348,31.6780821917808,68.3219178082192,70.8571428571428,41.6276346604215,NA,10.4,11.7,33.3,3.7,8.2,65.2406417112299,0,8.0340345265884,38.8888888888889,79.5,1.16657623440043
"24003707001","Census Tract 7070.01; Anne Arundel County; Maryland",-76.53627053,38.82479535,5500,96.4727272727273,86.4545454545455,7.92727272727273,0,0.181818181818182,0,0,1.90909090909091,3.52727272727273,3910,58357,5500,1068,11.9850187265918,2.34082397003745,3.1,14.3258426966292,28.8235294117647,71.1764705882353,81.9781553398058,13.5454545454545,NA,10.6,11.4,34.3,5.9,5.3,76.0175763182239,88.0666049953746,6.84640984659489,18.961625282167,48,79.4475501479776
"24003707002","Census Tract 7070.02; Anne Arundel County; Maryland",-76.54158178,38.79326845,4494,95.1268357810414,82.4655095683133,3.91633288829551,0,0.979083222073876,0,0,7.7659101023587,4.87316421895861,3258,68430,4494,912,6.46929824561404,10.6359649122807,5.5,17.1052631578947,27.4708410067526,72.5291589932474,79.7453703703704,17.5344904316867,NA,10.3,10.6,33.3,5.3,5.5,70.679012345679,92.3120089786756,6.91341961269004,22.4642380554482,30,86.103672859338
"24003708001","Census Tract 7080.01; Anne Arundel County; Maryland",-76.58601872,38.75208787,3867,98.8880268942333,93.6643392810965,1.42229118179467,0.439617274372899,1.03439358675976,0,0.413757434703905,1.91362813550556,1.11197310576674,2770,60046,3749,745,0,14.7651006711409,3.4,14.7651006711409,27.3646209386282,72.6353790613718,77.7534006143045,6.33566071890354,NA,10.6,10.7,33.4,6,5.3,74.2253521126761,95.774647887324,6.81740571769135,24.997559689983,12,75.6599529007471
"24003708004","Census Tract 7080.04; Anne Arundel County; Maryland",-76.65290291,38.79626242,6778,72.5140159339038,55.0309825907347,13.1307170256713,0,0,0,0.3098259073473,4.04249041015049,27.4859840660962,4588,41054,6778,1613,6.07563546187229,17.7929324240546,6.1,23.8685678859268,44.5292066259808,55.4707933740192,78.4761416110826,44.9690174092653,NA,12.1,17.4,38.8,9.5,12,63.7864077669903,98.3009708737864,6.7723039940917,27.5837545287829,22,NA
"24003730101","Census Tract 7301.01; Anne Arundel County; Maryland",-76.55214399,39.15478835,2283,96.5396408234779,87.209811651336,2.89093298291721,0,5.34384581690758,0,0,1.09505037231713,3.46035917652212,1723,55202,2268,391,0,12.0204603580563,0.1,12.0204603580563,33.7782936738247,66.2217063261753,88.109756097561,12.790188348664,NA,11,15.5,35.1,7.3,7.3,67.1800947867299,100,7.46098874403672,NA,55,69.7892900281841
"24003730102","Census Tract 7301.02; Anne Arundel County; Maryland",-76.55458357,39.17915693,11804,88.859708573365,47.8566587597425,26.8722466960352,0,6.49779735682819,0,0,7.63300576075907,11.140291426635,7523,64046,11779,2419,7.89582472095907,8.01984291029351,4.4,15.9156676312526,21.8396916123887,78.1603083876113,91.2184138103578,52.1433412402575,NA,11.2,12.7,36.4,4.1,7.1,64.00829151211,77.198341697578,7.46098874403672,NA,55,69.7892900281841
"24003730204","Census Tract 7302.04; Anne Arundel County; Maryland",-76.57795716,39.14406898,8154,84.9644346333088,41.7095903850871,32.3767476085357,0,2.906548933039,0,0,7.97154770664705,15.0355653666912,5860,56491,8018,1557,5.4592164418754,10.1477199743096,3.3,15.606936416185,40.3071672354949,59.6928327645051,88.3405537766058,58.2904096149129,NA,11.4,13.2,38.1,5.7,8.4,57.324147933285,90.6453952139231,7.71500635407874,18.7628865979381,54.6666666666667,38.5130559636648
"24003730205","Census Tract 7302.05; Anne Arundel County; Maryland",-76.59411193,39.13844051,2268,93.4303350970018,57.8924162257496,25.2204585537919,0.396825396825397,5.64373897707231,0,0,4.27689594356261,6.56966490299824,1843,37515,2268,317,18.6119873817035,51.1041009463722,4.8,69.7160883280757,41.1828540423223,58.8171459576777,76.9922109047334,42.1075837742504,NA,11.8,14.5,38.9,6.6,12,50.0410509031199,11.4121510673235,8.11816344590912,NA,32,29.5870262115784
"24003730206","Census Tract 7302.06; Anne Arundel County; Maryland",-76.5924512,39.15212068,3339,79.3650793650794,49.5956873315364,26.2353998203055,0,0.149745432764301,0,0,3.3842467804732,20.6349206349206,2519,41828,3339,638,16.3009404388715,7.83699059561129,7.5,24.1379310344828,42.1992854307265,57.8007145692735,79.4229722373435,50.4043126684636,NA,11.6,13.3,38.6,5.7,10.4,47.0495919648462,61.0797237915882,8.00466877788162,27.8792011465027,40,48.0319996399762
"24003730300","Census Tract 7303; Anne Arundel County; Maryland",-76.60457053,39.15108335,3674,77.4360370168753,56.5051714752314,10.9145345672292,0,4.05552531301034,0,0,5.96080566140446,22.5639629831247,2486,45812,3670,863,6.720741599073,35.5735805330243,5.8,42.2943221320973,50.2815768302494,49.7184231697506,77.198275862069,43.4948285247686,NA,11.4,15.6,36.7,7.4,10.2,60.3703703703704,91.7695473251029,8.35238597095916,26.7956301879592,6.5,84.1232693303582
"24003730401","Census Tract 7304.01; Anne Arundel County; Maryland",-76.63134559,39.15429996,5557,85.4057944934317,51.6645672125247,14.8281446823826,0,11.8049307180133,0,0.413892387979125,6.69425949253194,14.5942055065683,4027,45250,5537,1125,20.8888888888889,16.8888888888889,1.7,37.7777777777778,50.6332257263472,49.3667742736528,84.6200793408605,48.3354327874753,NA,11.2,14.9,36.9,5.8,10.1,60.3020739404869,81.4697926059513,8.43962425341075,28.4738041002278,13,NA
"24003730403","Census Tract 7304.03; Anne Arundel County; Maryland",-76.62507229,39.14606759,4309,86.4701786957531,51.4736597818519,28.3128336040845,1.02111858899977,1.4620561615224,0,0.440937572522627,3.75957298677187,13.5298213042469,3046,44758,4309,999,26.7267267267267,31.4314314314314,1.8,58.1581581581582,45.075508864084,54.924491135916,80.388151174668,48.5263402181481,NA,11.8,14.9,39,6.3,11.1,58.9209074187615,36.480686695279,8.11541616895904,NA,26,6.27444589308996
"24003730404","Census Tract 7304.04; Anne Arundel County; Maryland",-76.61110223,39.14350324,1991,77.6996484178805,61.878453038674,10.6981416373682,0.200904068307383,2.26017076845806,0,0,2.66197890507283,22.3003515821195,1284,41290,1991,570,24.5614035087719,24.5614035087719,2,49.1228070175439,50.6230529595016,49.3769470404984,80.1418439716312,38.121546961326,NA,12.1,18.4,39.1,8.5,14.2,55.4931335830212,54.0574282147316,8.32067576391355,NA,1,6.27444589308996
"24003730507","Census Tract 7305.07; Anne Arundel County; Maryland",-76.6050201,39.12944431,4416,97.4864130434783,53.9628623188406,16.8025362318841,0,10.8016304347826,0,0,15.919384057971,2.51358695652174,3195,56801,4409,880,1.93181818181818,13.4090909090909,7.4,15.3409090909091,32.7073552425665,67.2926447574335,82.1656050955414,46.0371376811594,NA,11,12.4,35.1,5.5,7.5,72.2747321991178,97.9206049149338,7.83696374282258,NA,24,0
"24003730508","Census Tract 7305.08; Anne Arundel County; Maryland",-76.62076717,39.13576716,2459,94.8759658397723,44.2456283041887,45.0589670597804,0,4.92069947132981,0,0,0.650671004473363,5.12403416022774,1716,45636,2356,493,10.1419878296146,7.91075050709939,9.3,18.052738336714,49.4172494172494,50.5827505827506,79.7128589263421,55.7543716958113,NA,12.3,14.7,39.6,6,10.4,55.5613850996852,28.9611752360965,7.83696374282258,NA,24,0
"24003730509","Census Tract 7305.09; Anne Arundel County; Maryland",-76.61267399,39.11724912,5218,88.3863549252587,57.3016481410502,22.2882330394787,0,2.85550019164431,0,1.07320812571867,4.86776542736681,11.6136450747413,3525,49889,5218,1260,0,8.80952380952381,1.5,8.80952380952381,22.5815602836879,77.4184397163121,90.681332111213,42.6983518589498,NA,10.9,10,34.1,4.5,6.5,65.8587987355111,73.709167544784,7.48899077285516,16.3934426229508,57.3333333333333,0
"24003730510","Census Tract 7305.10; Anne Arundel County; Maryland",-76.62329086,39.12178818,3270,98.0122324159021,47.737003058104,37.3088685015291,0,4.09785932721713,0,5.25993883792049,3.6085626911315,1.98776758409786,2174,44475,3270,815,2.20858895705521,0,2.6,2.20858895705521,38.3164673413063,61.6835326586937,84.1140529531568,52.262996941896,NA,11.7,13.6,37.7,5.2,7.8,58.5088458298231,84.24599831508,7.61229976852459,16.3934426229508,57,NA
"24003730511","Census Tract 7305.11; Anne Arundel County; Maryland",-76.62990752,39.13892883,1483,88.6041807147674,12.6770060687795,69.0492245448415,0,0.472016183412003,0,0,6.40593391773432,11.3958192852326,949,30417,1483,306,19.9346405228758,54.2483660130719,2,74.1830065359477,52.6870389884089,47.3129610115911,79.1786055396371,87.3229939312205,NA,13,17.2,45.5,6.5,11.1,37.9354838709677,2.19354838709677,7.91015657400454,NA,51,NA
"24003730512","Census Tract 7305.12; Anne Arundel County; Maryland",-76.62761101,39.13028666,2175,95.1724137931034,40.7816091954023,39.7241379310345,0,4.09195402298851,0,1.60919540229885,8.96551724137931,4.82758620689655,1425,47296,2066,462,6.49350649350649,12.7705627705628,8.7,19.2640692640693,31.1578947368421,68.8421052631579,90.1115241635688,59.2183908045977,NA,11.8,14.6,40.4,5.1,9.2,52.5252525252525,27.3737373737374,7.70298697597225,NA,64,NA
"24003730513","Census Tract 7305.13; Anne Arundel County; Maryland",-76.63528084,39.12466645,1512,90.1455026455026,52.4470899470899,29.4312169312169,0,2.97619047619048,0,0,5.29100529100529,9.85449735449735,1106,46881,1497,267,36.7041198501873,29.5880149812734,7.1,66.2921348314607,46.1121157323689,53.8878842676311,81.0232558139535,47.5529100529101,NA,12.4,16.1,41.2,6,10.2,54.8034934497817,66.9577874818049,7.52161256107692,16.3934426229508,50,NA
"24003730514","Census Tract 7305.14; Anne Arundel County; Maryland",-76.63550771,39.13074835,3007,82.0086464915198,35.1845693382108,28.9990023279016,0,11.4732291320253,0,0,6.35184569338211,17.9913535084802,2019,37443,3007,452,14.1592920353982,25,8.7,39.1592920353982,33.7295690936107,66.2704309063893,80.9177646524307,64.8154306617892,NA,12.4,14.9,39.8,5.1,10.6,47.2779369627507,1.50429799426934,7.90959524917772,NA,40,NA
"24003730601","Census Tract 7306.01; Anne Arundel County; Maryland",-76.61396257,39.09654138,6977,96.8181166690555,88.7344130715207,0.128995270173427,0,5.05948115235775,0,0,2.89522717500358,3.18188333094453,4603,86482,6961,1899,1.84307530279094,0,3.3,1.84307530279094,13.2305018466218,86.7694981533782,84.0351812366738,11.2655869284793,NA,9.9,7.5,31,4.5,4.5,84.7511697150149,94.385367928541,7.24555346774585,16.019131459467,77,73.4881682734443
"24003730603","Census Tract 7306.03; Anne Arundel County; Maryland",-76.58585449,39.10609939,3421,98.0707395498392,74.8026892721427,7.9216603332359,0.0584624378836597,10.4940076001169,0,1.05232388190588,3.74159602455422,1.92926045016077,2206,60641,3413,905,0,14.3646408839779,3.8,14.3646408839779,39.8005439709882,60.1994560290118,80.6531420089065,25.1973107278574,NA,10.3,11.2,32.8,5.3,6.2,77.190332326284,91.238670694864,6.97870438668387,14.4230769230769,85,18.1203733504989
"24003730605","Census Tract 7306.05; Anne Arundel County; Maryland",-76.56264747,39.08569508,3040,99.8684210526316,77.8289473684211,13.6842105263158,0.230263157894737,3.38815789473684,0,0,4.73684210526316,0.131578947368421,2066,36077,2926,658,18.3890577507599,6.0790273556231,4.7,24.468085106383,29.4772507260407,70.5227492739593,84.2210386151798,22.1710526315789,NA,10.6,11.6,33.5,5.4,5.8,71.8437783832879,77.2933696639419,7.28952341502321,NA,57,8.47658565500889
"24003730606","Census Tract 7306.06; Anne Arundel County; Maryland",-76.58720527,39.08772783,4615,95.2112676056338,86.0671722643554,0.823401950162514,0,0.173347778981582,0,3.94366197183099,4.20368364030336,4.7887323943662,3111,73007,4615,1248,0,5.68910256410256,3.5,5.68910256410256,16.554162648666,83.445837351334,85.1330798479087,13.9328277356446,NA,10,8.9,30.3,5.2,4.8,80.7347670250896,92.5328554360812,7.28952341502321,NA,57,8.47658565500889
"24003730701","Census Tract 7307.01; Anne Arundel County; Maryland",-76.54388216,39.05940301,2494,96.7121090617482,79.9117882919006,10.5052125100241,0,2.76663993584603,0,0,3.52846832397755,3.2878909382518,1833,75347,2489,465,0,0,2.8,0,16.8030551009274,83.1969448990726,78.9646672144618,20.0882117080994,NA,9.9,6.8,30.8,4.5,4.9,73.385518590998,82.5831702544031,7.33274418186309,NA,23,15.4915448552594
"24003730702","Census Tract 7307.02; Anne Arundel County; Maryland",-76.56906127,39.07061337,4283,99.3229045061872,92.9255194956806,0,0,0.630399252860145,0,0,5.76698575764651,0.677095493812748,2771,82866,4273,1291,0,8.98528272656855,2.7,8.98528272656855,15.2291591483219,84.7708408516781,89.5945945945946,7.0744805043194,NA,10.6,10.5,32.1,5.8,4.9,79.3492695883134,92.2974767596282,7.33274418186309,NA,23,15.4915448552594
"24003730800","Census Tract 7308; Anne Arundel County; Maryland",-76.51835053,39.03094494,2449,96.2025316455696,80.7268272764394,0.816659861167824,0,11.1474071049408,0,0,3.51163740302164,3.79746835443038,1725,81094,2439,547,0,0,3.2,0,7.47826086956522,92.5217391304348,80.8056872037915,19.2731727235606,NA,10.1,8,30.7,5.1,4,80.2197802197802,92.4175824175824,6.96475692778528,25.9887005649718,1,47.6791530944625
"24003730901","Census Tract 7309.01; Anne Arundel County; Maryland",-76.4734428,38.99899854,2900,80.0689655172414,72.2068965517241,3.62068965517241,0.0689655172413793,2.55172413793103,0.137931034482759,0,1.48275862068966,19.9310344827586,1891,68977,2817,802,0,25.5610972568579,1.9,25.5610972568579,7.19196192490746,92.8080380750926,81.631037212985,27.7931034482759,NA,10,7.2,31.7,4.3,4.5,75.0504032258064,68.0443548387097,7.01972513796951,34.1708542713568,36,100
"24003730902","Census Tract 7309.02; Anne Arundel County; Maryland",-76.44201504,39.01371663,3989,90.4738029581349,82.0757081975432,3.45951366257207,0,3.05841062923038,0,0,1.88017046878917,9.52619704186513,2745,69246,3959,941,2.23166843783209,0,1.2,2.23166843783209,17.4134790528233,82.5865209471767,80.2857142857143,17.9242918024568,NA,10.6,10.6,32.8,6.4,4.5,74.2890995260664,98.1832543443918,6.79248722807757,18.7739463601533,23,66.6257668711657
"24003731002","Census Tract 7310.02; Anne Arundel County; Maryland",-76.41760559,39.02783778,3440,93.0523255813954,80.7267441860465,2.47093023255814,0.523255813953488,2.38372093023256,0,0.290697674418605,6.65697674418605,6.94767441860465,2446,80919,3440,813,0,0,1.2,0,17.6614881439084,82.3385118560916,84.6897253306205,19.2732558139535,NA,10.4,9.9,33.2,5.2,5.7,75.4281459419211,90.915860014892,6.79095471817876,17.1532846715328,99,21.7068645640074
"24003731003","Census Tract 7310.03; Anne Arundel County; Maryland",-76.44213319,39.0431748,4685,93.8954108858058,81.0245464247599,4.43970117395944,0,1.28068303094984,0,0.213447171824973,6.93703308431163,6.10458911419424,3258,68173,4659,1100,0,0,5.2,0,22.0994475138122,77.9005524861878,84.3503230437904,18.9754535752401,NA,10.4,11.1,33.4,5.1,5.5,76.4014466546112,90.0542495479204,6.84749402802114,19.1176470588235,62,7.97811716434921
"24003731004","Census Tract 7310.04; Anne Arundel County; Maryland",-76.45560322,39.04383253,4182,94.0937350549976,79.2922046867528,3.58680057388809,0,3.99330463892874,0,0.191296030607365,7.03012912482066,5.90626494500239,2884,60313,4180,1101,7.44777475022707,21.7075386012716,6.9,29.1553133514986,18.6893203883495,81.3106796116505,86.9509043927649,20.7077953132473,NA,10.8,10.8,34.3,5.2,5.6,72.7301387137453,87.452711223203,7.01184502475951,20.1219512195122,38,40.6294034758102
"24003731103","Census Tract 7311.03; Anne Arundel County; Maryland",-76.49459536,39.03429857,5240,93.7595419847328,77.7290076335878,6.6412213740458,0,2.74809160305344,0,0.858778625954199,5.7824427480916,6.24045801526718,3672,69947,5155,1120,0,4.01785714285714,3.2,4.01785714285714,21.7592592592593,78.2407407407407,82.646420824295,22.2709923664122,NA,10.4,10.3,33,5.3,5.6,74.8221544715447,92.0223577235772,6.80066900457662,14.6095717884131,34,16.746587974917
"24003731104","Census Tract 7311.04; Anne Arundel County; Maryland",-76.49576592,39.05725916,5583,80.1898620813183,62.6186638008239,4.13756045137023,0,2.32849722371485,0,0.483610961848469,10.6215296435608,19.8101379186817,3467,61569,5570,1505,1.3953488372093,18.8039867109635,2.8,20.1993355481728,15.4600519180848,84.5399480819152,87.2434017595308,37.3813361991761,NA,10.8,12.4,35.3,5.5,6.3,69.5462478184991,87.3182082606166,7.26283381281993,19.2770934428269,62,73.5895071400264
"24003731105","Census Tract 7311.05; Anne Arundel County; Maryland",-76.50943069,39.06388947,3161,93.4830749762733,83.9924074659918,3.76463144574502,0,1.202151217969,0,0,4.52388484656754,6.51692502372667,2224,68864,3161,771,0,12.84046692607,6,12.84046692607,13.6690647482014,86.3309352517986,82.3495032144944,16.0075925340082,NA,10.4,10.2,33.2,5.3,5.2,74.4175627240143,92.0250896057348,7.26013968250034,23.2071162399327,42.5,73.8395765472313
"24003731106","Census Tract 7311.06; Anne Arundel County; Maryland",-76.47377933,39.04381444,4363,88.8379555351822,69.012147604859,7.60944304377722,0,6.73848269539308,0,0,5.47788219115288,11.1620444648178,2775,59529,4363,1207,2.89975144987572,3.14830157415079,2.9,6.04805302402651,8.07207207207207,91.9279279279279,85.4190585533869,30.987852395141,NA,10.6,9.5,32.7,4.2,5.1,68.8150289017341,61.2138728323699,6.9577258969113,20.1219512195122,43,36.6179275443567
"24003731107","Census Tract 7311.07; Anne Arundel County; Maryland",-76.47193648,39.0564174,3369,92.9059067972692,89.0768774116949,0.949836746809142,0,1.78094390026714,0,0,1.09824873849807,7.09409320273078,2202,71835,3369,983,6.30722278738555,1.83112919633774,0,8.1383519837233,5.94913714804723,94.0508628519528,73.9977090492554,10.9231225883051,NA,10.1,7.8,31.9,4.5,4.2,78.2186234817814,94.6558704453441,7.11648950062219,18.1286549707602,51,60.3842607100396
"24003731201","Census Tract 7312.01; Anne Arundel County; Maryland",-76.52904865,39.07440431,6437,97.250271865776,94.655895603542,0.279633369582103,0,0.683548236756253,0,0.403914867174149,1.22727978872145,2.74972813422402,4353,77235,6386,1680,0,8.21428571428571,1.6,8.21428571428571,16.7470709855272,83.2529290144728,81.4571350314982,5.34410439645798,NA,10.2,9.7,31.7,4.9,4.8,80.3786191536748,89.2204899777283,7.61526085291629,17.5398633257403,39.5,25.3831406465637
"24003731205","Census Tract 7312.05; Anne Arundel County; Maryland",-76.51550046,39.10279061,4572,97.3753280839895,87.2265966754156,0.0218722659667542,1.70603674540682,1.42169728783902,0,0.26246719160105,6.73665791776028,2.6246719160105,3319,49812,4572,896,7.8125,5.13392857142857,3.7,12.9464285714286,37.5112985839108,62.4887014160892,87.937898089172,12.7734033245844,NA,11,14.8,35.2,6.5,6.4,73.1721698113208,92.6297169811321,6.96520462923861,NA,19,NA
"24003731206","Census Tract 7312.06; Anne Arundel County; Maryland",-76.48241512,39.08541981,3811,90.7373392810286,85.279454211493,1.83678824455523,0,0.997113618472842,0,0,2.62398320650748,9.2626607189714,2566,61708,3781,1089,0,4.6831955922865,0.7,4.6831955922865,30.4754481683554,69.5245518316446,85.4468881609733,14.720545788507,NA,10.9,12.8,34,7.1,6,72.3348348348348,88.963963963964,6.96520462923861,NA,19,NA
"24003731207","Census Tract 7312.07; Anne Arundel County; Maryland",-76.54540404,39.09228071,3325,94.5864661654135,85.5338345864662,4.57142857142857,0,2.40601503759399,0,0.330827067669173,1.74436090225564,5.41353383458647,2148,80351,3314,946,0,7.61099365750529,2.3,7.61099365750529,25.0465549348231,74.9534450651769,83.0645161290323,14.4661654135338,NA,10.2,9.5,32.2,5,5,79.9172794117647,89.5220588235294,7.36841873844618,NA,46,26.3879369431117
"24003731208","Census Tract 7312.08; Anne Arundel County; Maryland",-76.55246304,39.10582642,4321,97.7782920620227,88.4517472807221,4.65170099514001,0,0.231427910205971,0,0,4.44341587595464,2.22170793797732,3115,64492,4253,983,0,6.61241098677518,2.2,6.61241098677518,27.4478330658106,72.5521669341894,82.602174728159,11.5482527192779,NA,11.3,13.3,34.7,6.7,5.9,77.2336201191264,95.4334877564527,7.36841873844618,NA,46,26.3879369431117
"24003731209","Census Tract 7312.09; Anne Arundel County; Maryland",-76.56988661,39.1238951,5289,92.8719984874267,67.593117791643,11.3253923236907,0,0,0,0.888636793344678,13.0648515787483,7.12800151257326,3533,61108,5286,1133,4.58958517210944,3.44218887908208,5.8,8.03177405119153,31.9841494480611,68.0158505519389,86.2761743067346,32.406882208357,NA,10.8,12.1,34.3,4.6,6.8,68.4319119669876,50.2063273727648,7.79208931551059,NA,45.5,16.5923683797058
"24003731210","Census Tract 7312.10; Anne Arundel County; Maryland",-76.5343036,39.11782481,2321,89.5734597156398,83.9724256785868,1.5510555794916,0,0.603188280913399,0,0,3.446790176648,10.4265402843602,1801,48611,2303,425,0,0,3.9,0,39.7001665741255,60.2998334258745,85.2393617021277,16.0275743214132,NA,10.9,12.3,34.6,5.8,6.7,67.6616915422886,96.3930348258706,7.3740694666407,19.4690265486726,55.5,3.90180091618808
"24003731303","Census Tract 7313.03; Anne Arundel County; Maryland",-76.45023334,39.09922988,6144,99.0397135416667,94.8567708333333,0.146484375,0,0.48828125,0,0,3.54817708333333,0.960286458333333,4723,62143,6144,1143,0,3.6745406824147,7.3,3.6745406824147,28.7105653186534,71.2894346813466,84.1635916359164,5.14322916666667,NA,11,12.8,33.9,7.9,5.8,76.735112936345,94.2505133470226,6.81287007150466,25.9469696969697,31,50.5785850300278
"24003731306","Census Tract 7313.06; Anne Arundel County; Maryland",-76.48191955,39.14127027,6268,96.4262922782387,89.0076579451181,0.0478621569878749,0.398851308232291,4.61072112316528,0,0.733886407147415,1.62731333758775,3.57370772176133,4519,63970,6268,1180,3.13559322033898,2.71186440677966,2.9,5.84745762711864,32.2195175923877,67.7804824076123,79.5369678864824,10.9923420548819,NA,10.9,12.8,35,6.2,6,80.368516833485,98.589626933576,7.05372632627253,20.3196347031963,60,82.8380740505323
"24003731307","Census Tract 7313.07; Anne Arundel County; Maryland",-76.50959713,39.12618273,5553,93.0848190167477,78.9843327930848,6.50099045560958,0,1.9088780839186,0,0.0360165676211057,5.6546011165136,6.9151809832523,3909,65792,5532,1203,0.997506234413965,15.045719035744,3.6,16.0432252701579,33.717063187516,66.282936812484,84.8097826086957,21.0156672069152,NA,11.3,12.9,34.7,5.7,6.9,68.6725663716814,90.7522123893805,7.28212374816933,19.4690265486726,52,4.20589128454297
"24003731308","Census Tract 7313.08; Anne Arundel County; Maryland",-76.51238837,39.16426692,4087,96.598972351358,87.252263273795,2.27550770736482,0,1.68827991191583,0,1.0521164668461,4.33080499143626,3.40102764864204,3125,51109,4077,612,1.30718954248366,28.5947712418301,2.8,29.9019607843137,54.944,45.056,68.8714499252616,12.747736726205,NA,11,15.1,35.5,7.2,8.1,64.3527833668679,86.8544600938967,7.53236284368738,23.6760124610592,53,3.68763557483731
"24003731309","Census Tract 7313.09; Anne Arundel County; Maryland",-76.51956401,39.15268383,5560,99.4244604316547,77.6798561151079,13.6330935251799,0,4.24460431654676,0,1.0431654676259,2.82374100719424,0.575539568345324,3887,60175,5560,1119,10.0983020554066,9.02591599642538,5.2,19.124218051832,37.8698224852071,62.1301775147929,83.59375,22.3201438848921,NA,11.2,13.5,35.6,6.2,7.7,68.99949469429,81.2531581606872,7.90226237149068,21.5583770747624,99,40.4421574232895
"24003731310","Census Tract 7313.10; Anne Arundel County; Maryland",-76.53603233,39.14496444,4995,97.6976976976977,80.4604604604605,9.02902902902903,0.12012012012012,0.540540540540541,0,0,7.54754754754755,2.3023023023023,3633,56099,4995,979,32.3799795709908,11.7466802860061,1.3,44.1266598569969,41.756124415084,58.243875584916,74.0068814513607,19.5395395395395,NA,11.2,13.7,35.3,6.3,7.7,71.3626492942454,90.8794788273616,7.98586278552789,22.6315789473684,98,40.4421574232895
"24003731312","Census Tract 7313.12; Anne Arundel County; Maryland",-76.54355252,39.13573134,4468,91.674127126231,75.5147717099373,2.48433303491495,0,3.71530886302596,0,0,9.95971351835273,8.32587287376903,3110,40257,4432,937,0,17.3959445037353,0.4,17.3959445037353,45.7877813504823,54.2122186495177,88.3404864091559,24.4852282900627,NA,11.8,17.3,38.3,7.3,9.2,64.0133779264214,91.371237458194,7.84638500783266,NA,84,1.82156133828996
"24003731313","Census Tract 7313.13; Anne Arundel County; Maryland",-76.55651951,39.13748448,3845,96.0988296488947,59.7919375812744,27.594278283485,0,1.43042912873862,0,0,7.28218465539662,3.90117035110533,2716,44152,3845,711,0,8.57946554149086,0.4,8.57946554149086,39.6539027982327,60.3460972017673,80.5699481865285,40.2080624187256,NA,11.6,14.4,37,5.4,7.9,65.0108774474257,82.8861493836113,7.84638500783266,NA,84,1.82156133828996
"24003740103","Census Tract 7401.03; Anne Arundel County; Maryland",-76.71295743,39.14514553,9425,88.7745358090186,35.4270557029178,35.6816976127321,0.49867374005305,7.46949602122016,0,0.827586206896552,8.87002652519894,11.2254641909814,6761,67085,9425,1855,0,8.35579514824798,5.9,8.35579514824798,23.4580683330868,76.5419316669132,85.1353681669253,64.5729442970822,2.00009681330541,10.5,11.3,35,4.8,7.3,60.896674584323,92.6068883610451,8.01330303974138,21.0735963581184,55.5,40.1141538581009
"24003740104","Census Tract 7401.04; Anne Arundel County; Maryland",-76.71501252,39.12955821,8564,87.260625875759,28.0709948622139,43.0873423633816,0,8.94441849602989,0,0.572162540868753,6.58570761326483,12.739374124241,5933,58034,8564,1867,11.569362613819,5.03481521156936,8.1,16.6041778253883,27.0689364571043,72.9310635428957,83.7271750805585,71.9290051377861,NA,11.7,12.6,38.8,4.8,8,58.3306001967858,73.3027222040013,7.84986252948563,22.5418503263723,66,55.4127589711798
"24003740105","Census Tract 7401.05; Anne Arundel County; Maryland",-76.7014995,39.11978744,4533,85.043017868961,18.5969556585043,57.004191484668,0,1.96337966026914,0,2.31634679020516,5.16214427531436,14.956982131039,2815,45559,4504,1268,2.8391167192429,12.7760252365931,5.9,15.615141955836,41.2078152753108,58.7921847246892,89.7357723577236,81.4030443414957,NA,12,14.3,42,4.7,10,49.4036409290647,44.9466415568111,7.6444758901591,43.5810810810811,42,100
"24003740106","Census Tract 7401.06; Anne Arundel County; Maryland",-76.76217354,39.14836266,3222,93.2960893854749,44.5996275605214,41.8994413407821,0,4.28305400372439,0,0,2.51396648044693,6.70391061452514,2259,70799,2903,601,10.1497504159734,0,2.9,10.1497504159734,36.5205843293493,63.4794156706507,88.9733840304182,55.4003724394786,NA,10.5,11,35.3,4,7.1,57.642089093702,57.1428571428571,7.92350940526995,NA,18,62.2364168077574
"24003740107","Census Tract 7401.07; Anne Arundel County; Maryland",-76.73052089,39.15878797,4251,94.4718889673018,24.5589273112209,46.8360385791578,0,18.1133850858621,0,0.611620795107034,4.35191719595389,5.52811103269819,2921,78520,4251,911,14.1602634467618,3.62239297475302,4.2,17.7826564215148,8.52447791852105,91.4755220814789,78.8502484031228,75.4410726887791,2.00009681330541,10.2,8.8,33.3,2.9,5.8,59.634448574969,48.636926889715,7.91256280338845,25,49.5,36.5232325363619
"24003740108","Census Tract 7401.08; Anne Arundel County; Maryland",-76.73983014,39.14414796,6096,85.252624671916,46.5551181102362,23.999343832021,0,8.79265091863517,0,1.0990813648294,4.80643044619423,14.747375328084,4473,78483,6096,1190,0,0,1.9,0,18.3992845964677,81.6007154035323,90.6144170295114,53.4448818897638,NA,10.2,10.6,32.8,3.7,7.4,62.7290076335878,56.6793893129771,7.76952075174653,NA,36,24.4728336155149
"24003740203","Census Tract 7402.03; Anne Arundel County; Maryland",-76.66703116,39.12107627,5754,92.9961765728189,65.1199165797706,17.1532846715328,0.330205074730622,6.2043795620438,0,0.48661800486618,3.70177267987487,7.00382342718109,3817,62903,5710,1270,0,0,2.9,0,32.9840188629814,67.0159811370186,81.238990017616,34.8800834202294,NA,11,12.7,34,5.7,7.1,72.0695020746888,94.9170124481328,7.39416093719392,20.4557663253315,70.5,75.5407900860968
"24003740204","Census Tract 7402.04; Anne Arundel County; Maryland",-76.64973948,39.14218886,4830,89.2753623188406,44.6583850931677,31.6770186335404,0,5.36231884057971,0,0.745341614906832,6.83229813664596,10.7246376811594,2991,39041,4824,1395,18.6379928315412,5.80645161290323,10.9,24.4444444444444,40.2206619859579,59.7793380140421,71.1498973305955,55.3416149068323,NA,11.2,13.4,37.6,5.6,9.3,57.3917931422147,49.1849353569421,7.81184292257632,NA,82,NA
"24003740205","Census Tract 7402.05; Anne Arundel County; Maryland",-76.63971272,39.14246869,3201,66.4167447672602,44.2986566697907,17.0571696344892,0,3.09278350515464,0,0,1.96813495782568,33.5832552327398,2163,52721,3050,761,18.7910643889619,11.1695137976347,3,29.9605781865966,37.956541840037,62.043458159963,81.0825013137152,55.7013433302093,NA,10.9,12.6,36.3,5.3,10.2,60.4773462783172,71.1974110032362,7.81184292257632,NA,82,NA
"24003740303","Census Tract 7403.03; Anne Arundel County; Maryland",-76.69087324,39.11815792,5444,84.7905951506245,54.2983100661278,13.0969875091844,0,11.5723732549596,0,0.312270389419544,5.51065393093314,15.2094048493755,3662,63378,5435,1438,0,18.1502086230876,4.3,18.1502086230876,32.1682140906608,67.8317859093392,82.7458256029685,45.7016899338722,NA,10.7,11.3,34.9,5.3,7.3,68.0092059838895,93.0955120828538,7.53089370583726,22.6865671641791,42,100
"24003740304","Census Tract 7403.04; Anne Arundel County; Maryland",-76.69308529,39.08988507,7432,82.494617868676,47.7260495156082,22.6453175457481,0,5.36867599569429,0,0,6.7545748116254,17.505382131324,5329,62227,7417,1234,0,14.1815235008104,0.8,14.1815235008104,20.7918934133984,79.2081065866016,89.6759451599501,52.2739504843918,NA,10.9,10.5,34.3,4,6.4,60.4432301153613,37.5531268973892,7.97404008101424,40.3149606299213,32,12.3544303797468
"24003740305","Census Tract 7403.05; Anne Arundel County; Maryland",-76.7124968,39.10624786,11074,93.8504605381976,29.907892360484,53.9461802420083,0.00903016073686112,5.86960447895973,0,0.478598519053639,3.63915477695503,6.14953946180242,7404,57320,11074,2690,9.92565055762082,12.5278810408922,4.8,22.453531598513,19.3138843868179,80.6861156131821,83.4868989346386,70.092107639516,NA,11.6,11.4,38.6,3.6,7,53.561284684291,56.5435875027311,7.79933388236709,45.9034792368126,3,25.1746875307548
"24003740400","Census Tract 7404; Anne Arundel County; Maryland",-76.77655549,39.1357898,4273,96.161947109759,19.5881113971449,72.2209220688041,0.608471799672361,0.936110461034402,0,0.561666276620641,2.24666510648257,3.83805289024105,3898,9455,0,0,NA,NA,NA,NA,80.7080554130323,19.2919445869677,NA,80.4118886028551,NA,11.2,23.6,44.2,5.8,14.9,NA,NA,7.92350940526995,NA,18,62.2364168077574
"24003740501","Census Tract 7405.01; Anne Arundel County; Maryland",-76.81688108,39.1047527,5851,90.6340796445052,10.1692018458383,70.5862245769954,0,7.87899504358229,0,0,1.99965817808922,9.36592035549479,3995,62188,5851,1199,15.7631359466222,25.9382819015847,9.4,41.7014178482068,14.1677096370463,85.8322903629537,87.3653984206748,89.8307981541617,NA,11.9,12,39.8,4.2,7.3,50.9935117599351,50.2433090024331,8.05342460019254,NA,92,8.70314519603619
"24003740502","Census Tract 7405.02; Anne Arundel County; Maryland",-76.80158923,39.11410812,4933,85.384147577539,23.2110277721468,51.5710520981147,0,9.38576930873708,0,0.405432799513481,0.810865599026961,14.615852422461,3515,77276,4933,899,0,5.89543937708565,3.7,5.89543937708565,22.5889046941679,77.4110953058321,87.1909521304577,76.7889722278532,NA,10.9,9.8,37.1,3.6,6,55.65,60.5,7.94587737726925,45.5576559546314,85,5.71006870611033
"24003740601","Census Tract 7406.01; Anne Arundel County; Maryland",-76.75710074,39.1227836,6309,88.30242510699,39.1345696623871,26.9614835948645,0,11.634173403075,0.332857822158821,0.364558567126328,9.87478205737835,11.69757489301,3709,70299,6275,2097,0.715307582260372,29.1845493562232,4.7,29.8998569384835,13.0223779994608,86.9776220005392,74.9120337790288,60.8654303376129,NA,11.2,12.6,36.2,3.2,8.2,57.340862422998,36.1396303901437,7.65301524284055,43.6289186333216,18.5,79.0901606255156
"24003740602","Census Tract 7406.02; Anne Arundel County; Maryland",-76.73506694,39.11856318,3480,80.5459770114943,28.0172413793103,28.764367816092,0,11.6666666666667,0,1.29310344827586,10.8045977011494,19.4540229885057,1916,68107,3480,1287,4.58430458430458,23.7762237762238,3.1,28.3605283605284,14.0396659707724,85.9603340292276,66.5325285043595,71.9827586206897,NA,11.6,12,36.7,3.3,8.9,55.6829035339064,0,7.65301524284055,43.6289186333216,18.5,79.0901606255156
"24003740603","Census Tract 7406.03; Anne Arundel County; Maryland",-76.76239176,39.07495419,2724,86.3069016152717,44.3832599118943,24.7063142437592,0.293685756240822,3.70778267254038,0.25697503671072,0,12.9588839941263,13.6930983847283,1317,41369,2103,491,15.6822810590631,29.938900203666,2.2,45.6211812627291,15.3378891419894,84.6621108580106,72.0504009163803,55.6167400881057,NA,10.7,11,32.5,2.6,9.8,61.2398609501738,0,7.78134515665501,42.8433528144017,54.6,32.45356579654
"24003740701","Census Tract 7407.01; Anne Arundel County; Maryland",-76.71500796,39.06963215,6821,92.1858964961149,49.9926696965254,20.6567951913209,0,6.71455798270048,0,1.07022430728632,13.7516493182818,7.81410350388506,4603,78034,6787,1784,0,0,1.6,0,17.3365196610906,82.6634803389094,83.0249396621078,50.0073303034746,NA,10.4,9.3,33.2,4.1,5.6,63.864406779661,75.0169491525424,7.59838047485061,26.4100756699441,77,16.3011841142531
"24003740703","Census Tract 7407.03; Anne Arundel County; Maryland",-76.70332079,39.05605854,6385,96.131558339859,64.9804228660924,4.85512920908379,0,6.82850430696946,0,1.23727486296006,18.2302270947533,3.86844166014096,3766,83672,6385,2050,0,0,1,0,11.125862984599,88.874137015401,85.3595890410959,35.0195771339076,NA,10.1,8.9,32.2,3.9,4.7,77.0524233432245,87.2898120672601,7.64356581390293,NA,77,41.9639153878059
"24003740704","Census Tract 7407.04; Anne Arundel County; Maryland",-76.71719744,39.03107793,7125,92.2947368421053,51.4385964912281,27.0877192982456,0.645614035087719,3.62105263157895,0,0,9.50175438596491,7.70526315789474,5241,69623,7125,1437,6.75017397355602,10.0904662491301,3.6,16.8406402226862,16.1419576416714,83.8580423583286,87.1714492404148,48.5614035087719,NA,10.9,10.9,35.5,5.4,6.3,60.2200255102041,79.0497448979592,7.64356581390293,NA,77,41.9639153878059
"24003740800","Census Tract 7408; Anne Arundel County; Maryland",-76.65650375,39.06018596,4790,96.1377870563674,81.3152400835073,3.34029227557411,0.730688935281837,2.94363256784969,0,0.709812108559499,7.09812108559499,3.86221294363257,3222,55690,4737,973,0,1.54162384378212,5.3,1.54162384378212,30.1986343885785,69.8013656114215,86.0895301516833,18.6847599164927,NA,10.5,9.9,32.5,6.1,6.1,73.1264637002342,91.0421545667447,7.25742298518252,19.6022727272727,65,63.7625113739763
"24003740900","Census Tract 7409; Anne Arundel County; Maryland",-76.69367415,39.0719811,8287,80.5719802099674,47.0013273802341,24.653071075178,0.0965367442982985,1.4239169783999,0.410281163267769,0.530952093640642,6.45589477494871,19.4280197900326,5419,61563,8251,2290,10.9170305676856,1.92139737991266,5.7,12.8384279475983,27.1452297471858,72.8547702528142,83.1706281833616,52.9986726197659,NA,10.6,10.3,34.7,4.7,7,63.978102189781,72.7737226277372,7.56408984486177,27.6556776556777,80,6.53237410071942
"24003741000","Census Tract 7410; Anne Arundel County; Maryland",-76.6543808,39.09623271,2668,87.9685157421289,70.7646176911544,6.89655172413793,0,3.0359820089955,0,0,7.27136431784108,12.0314842578711,1851,65160,2668,585,5.47008547008547,11.4529914529915,2.8,16.9230769230769,28.2549972987574,71.7450027012426,79.963789981895,29.2353823088456,NA,10.9,12.6,35.2,5.8,6.9,73.3955659276546,92.0653442240373,7.13419119780295,16.3934426229508,71,NA
"24003750101","Census Tract 7501.01; Anne Arundel County; Maryland",-76.60799232,39.2242813,4808,78.80615640599,49.2096505823627,18.4692179700499,0,3.5981697171381,0,0,7.52911813643927,21.19384359401,2925,37213,4808,1299,4.46497305619707,8.08314087759815,7,12.5481139337952,69.6752136752137,30.3247863247863,68.013468013468,50.7903494176373,3,11.7,16.1,38.3,6.8,12.6,53.4861200774693,78.43770174306,8.59768996396764,29.7534165181224,90.25,3.00751879699248
"24003750102","Census Tract 7501.02; Anne Arundel County; Maryland",-76.61868647,39.23178476,2649,77.274443186108,46.9611174027935,22.4990562476406,0,1.69875424688562,0,0.302000755001887,5.81351453378633,22.725556813892,1784,34232,2649,486,0,14.8148148148148,7.7,14.8148148148148,56.390134529148,43.609865470852,77.5808133472367,53.0388825972065,3,12.5,18.3,38.8,7.5,12.9,55.6418219461698,80.1242236024845,8.74358678259145,29.7534165181224,100,NA
"24003750201","Census Tract 7502.01; Anne Arundel County; Maryland",-76.63373037,39.21505333,3634,80.6274078150798,37.4793615850303,36.5987892129884,0,2.97193175564117,0,0.880572372041827,2.6967528893781,19.3725921849202,2461,30132,3531,793,18.9155107187894,11.7276166456494,3.5,30.6431273644388,55.180820804551,44.819179195449,74.1951461119366,62.5206384149697,3,12.8,21,42.3,11.2,14.4,52.7777777777778,82.0987654320988,8.62208151919189,34.3612334801762,93,21.5979569500182
"24003750204","Census Tract 7502.04; Anne Arundel County; Maryland",-76.60988139,39.21430351,4708,93.5429056924384,62.5318606627018,19.6474086661003,0.297366185216653,3.73831775700935,0,0.254885301614274,7.07306711979609,6.4570943075616,3308,59591,4699,1011,0,5.6379821958457,3.7,5.6379821958457,42.7750906892382,57.2249093107618,79.7864506627393,37.4681393372982,NA,11,12.3,35.8,6,9.2,58.5404547858276,90.3754627181386,8.45179314534384,NA,80.5,3.00751879699248
"24003750300","Census Tract 7503; Anne Arundel County; Maryland",-76.65133639,39.22128097,2400,96.75,82.1666666666667,9.625,0,2.20833333333333,0,0.791666666666667,1.95833333333333,3.25,1849,54926,2396,408,3.18627450980392,2.94117647058824,5.6,6.12745098039216,34.2888047593294,65.7111952406706,88.1226053639847,17.8333333333333,3,11.2,14.9,34.8,6.6,8.1,67.8353658536585,84.9593495934959,8.31320375240515,13,98,31.4877589453861
"24003750400","Census Tract 7504; Anne Arundel County; Maryland",-76.64936265,39.20499216,4139,94.8296690021744,80.1159700410727,4.15559313843924,0,8.16622372553757,0,0,2.39188209712491,5.17033099782556,2942,62689,4097,1007,4.07149950347567,2.8798411122145,1.4,6.95134061569017,27.8721957851801,72.1278042148198,83.2157968970381,19.8840299589273,2.73626367694048,10.5,11.7,33,7,6.2,73.2867598137059,92.4151696606786,8.35895661554751,19.4174757281553,100,10.6356968215159
"24003750801","Census Tract 7508.01; Anne Arundel County; Maryland",-76.64237388,39.18370345,6199,92.0632360058074,66.4945959025649,9.53379577351186,0.564607194708824,1.0646878528795,0,0.984029682206808,13.4215195999355,7.93676399419261,3873,48729,6143,1887,0,31.2665606783254,3.8,31.2665606783254,33.5915311128324,66.4084688871676,84.78898007034,33.5054040974351,3,11,13.9,34.9,6.7,7.7,63.2212744606121,91.1189162067235,8.56947124540211,30.4136253041363,65,35.5103436484869
"24003750803","Census Tract 7508.03; Anne Arundel County; Maryland",-76.62438986,39.19731065,6742,93.4885790566597,41.5752002373183,44.9124888757045,0,2.35835063779294,0,0.444971818451498,4.19756748739247,6.51142094334026,4820,42944,6742,1638,14.5299145299145,32.6617826617827,7.5,47.1916971916972,45.746887966805,54.253112033195,91.0900473933649,58.4247997626817,NA,12,15.4,38.7,6.3,11.7,46.8272425249169,35.514950166113,8.65375045269027,34.611201110854,69,5.73852903319899
"24003750804","Census Tract 7508.04; Anne Arundel County; Maryland",-76.62398204,39.18357548,4135,88.9721886336155,63.3615477629988,15.4050785973398,1.91051995163241,0.677146311970979,0,0.507859733978235,7.11003627569528,11.0278113663845,2937,37825,4135,709,0,38.9280677009873,4.4,38.9280677009873,48.689138576779,51.310861423221,84.8794442174091,36.6384522370012,3,11,13.4,37,6.5,9.4,63.6932192231731,85.8459512837393,8.66404683536037,29.3007723836117,72.5,23.1959088760363
"24003750900","Census Tract 7509; Anne Arundel County; Maryland",-76.62851595,39.16685558,3018,90.9542743538767,57.5878064943671,13.7508283631544,0.331345261762757,3.87673956262425,1.42478462557985,0,13.9827700463883,9.04572564612326,2216,47398,2998,679,16.7893961708395,11.9293078055965,5.6,28.7187039764359,39.8465703971119,60.1534296028881,88.008800880088,42.4121935056329,NA,11.5,15.4,37.4,7.5,9.3,60.8985024958403,70.1331114808652,8.59553458076428,32.8063241106719,69,0
"24003751000","Census Tract 7510; Anne Arundel County; Maryland",-76.61217436,39.16753447,3838,89.7602918186555,65.6591974986972,20.7660239708181,0.104220948410631,0.130276185513288,0,0,3.10057321521626,10.2397081813445,2869,48299,3835,420,7.14285714285714,29.7619047619048,9.4,36.9047619047619,46.2879051934472,53.7120948065528,84.1089670828604,34.3408025013028,NA,11.6,15.9,37.7,7.6,10.3,55.7012195121951,90.6707317073171,8.64669191327933,31.3915857605178,3,4.5466221423067
"24003751102","Census Tract 7511.02; Anne Arundel County; Maryland",-76.59639583,39.19306049,4307,89.180403993499,54.1444160668679,31.2282331088925,0,2.80938007894126,0,0,0.998374738797307,10.819596006501,3380,44684,4158,515,0,1.94174757281553,4.1,1.94174757281553,43.1065088757396,56.8934911242604,78.3327212633125,45.8555839331321,NA,11.6,14.9,38.9,6.6,8.6,62.4321389793703,74.3213897937025,8.57296675180484,34.0112624375863,43.6,28.6455728367663
"24003751103","Census Tract 7511.03; Anne Arundel County; Maryland",-76.59256991,39.17201659,5576,96.1621233859398,73.206599713056,14.3830703012912,0.179340028694405,1.52439024390244,0,0.412482065997131,6.45624103299857,3.83787661406026,3733,42574,5311,950,7.68421052631579,19.3684210526316,0.9,27.0526315789474,41.548352531476,58.451647468524,76.38769053782,26.793400286944,NA,11.2,13.3,36.1,6.5,8.5,55.1667352820091,68.6290654590366,8.32997601544539,36.9955156950673,11,98.3461210571185
"24003751200","Census Tract 7512; Anne Arundel County; Maryland",-76.69582952,39.19201892,5076,92.789598108747,70.488573680063,11.5642237982664,0,3.11268715524035,0,0,7.6241134751773,7.21040189125296,3586,64982,5051,964,0,0,2,0,22.755158951478,77.244841048522,85.0357031977647,29.511426319937,2.36818024512294,10.5,10.2,32.7,4.4,6.6,67.0382165605096,61.5104640582348,8.11272971272513,22.2087378640777,54.75,32.031651584671
"24003751400","Census Tract 7514; Anne Arundel County; Maryland",-76.67393682,39.14915134,4300,93.046511627907,57.1860465116279,20.6279069767442,0.0232558139534884,11.1395348837209,0,0.418604651162791,3.65116279069767,6.95348837209302,3375,61967,4204,639,3.59937402190923,32.0813771517997,1.5,35.6807511737089,26.5481481481481,73.4518518518519,85.0422195416164,42.8139534883721,NA,10.2,9.5,33.7,5.3,6.1,70.0294985250737,93.3333333333333,7.95154626483436,25.776397515528,39,52.9370219343834
"24003751500","Census Tract 7515; Anne Arundel County; Maryland",-76.80056974,39.09210804,7885,58.6937222574509,34.850982878884,17.2606214331008,0,3.74128091312619,0,0,2.84083703233989,41.3062777425491,5114,47079,7849,1984,32.2076612903226,14.1129032258065,7.9,46.320564516129,44.4270629644114,55.5729370355886,79.7038499506417,65.149017121116,NA,12.1,17.2,44,7,16,54.1408934707904,67.3539518900344,7.75384892338034,43.2552499446622,49.75,48.4863132250042
"24003751600","Census Tract 7516; Anne Arundel County; Maryland",-76.59146365,38.99457088,5007,91.8913521070501,82.9039344917116,4.2540443379269,0.159776313161574,0,0,0,4.57359696425005,8.10864789294987,4398,66891,4837,485,0,0,3,0,18.5084129149613,81.4915870850386,75.7915567282322,17.0960655082884,NA,9.7,7.7,30.7,7.6,6.2,67.9790026246719,97.525309336333,7.20661229219304,28.4644194756554,48,98.1818181818182
"24003751700","Census Tract 7517; Anne Arundel County; Maryland",-76.63326371,39.01801054,2815,97.0515097690941,76.6607460035524,7.99289520426288,0,9.7335701598579,0,0,2.66429840142096,2.94849023090586,1933,85875,2728,671,0,3.725782414307,1.4,3.725782414307,21.7278841179514,78.2721158820486,81.5251084934904,23.3392539964476,NA,10.8,11.6,33,6.3,5.3,80.1185344827586,85.8836206896552,7.3912173023508,22.9508196721311,65,NA
"24003980000","Census Tract 9800; Anne Arundel County; Maryland",-76.67157398,39.17570637,3,100,33.3333333333333,66.6666666666667,0,0,0,0,0,0,3,NA,0,0,NA,NA,NA,NA,100,0,NA,66.6666666666667,NA,NA,NA,NA,NA,NA,NA,NA,8.26683662857611,NA,20,44.4444444444444
